/             /             301
/about        /about        301
/welcome      /welcome      301
/build        /build        301
/grid-setup   /grid-setup   301
/draft-setup  /draft-setup  301
/finish-build /finish-build 301
/tutorial     /tutorial     301
/instants     /instants     301
/cheat-sheet  /cheat-sheet  301
